task,worker,answer
0,1,1
0,2,1
0,3,1
0,4,1
0,5,1
0,6,1
1,7,1
1,4,1
1,8,1
1,6,1
1,9,1
2,10,1
2,11,1
2,12,1
2,13,1
2,14,1
3,15,1
3,1,1
3,16,1
3,8,1
3,17,1
4,10,1
4,18,1
4,12,1
4,13,1
4,19,1
5,20,1
5,8,1
5,13,1
5,14,1
5,21,1
6,2,1
6,5,1
6,22,1
6,14,1
6,9,1
7,12,1
7,23,1
7,22,1
7,24,1
7,14,1
8,2,1
8,3,1
8,8,1
8,6,1
8,25,1
9,2,1
9,4,1
9,26,1
9,27,1
9,12,1
10,1,1
10,2,1
10,20,1
10,23,1
10,13,1
11,2,1
11,4,1
11,8,1
11,14,1
11,28,1
12,2,0
12,29,0
12,13,0
12,5,0
12,30,0
13,10,1
13,15,1
13,2,1
13,8,1
13,5,1
14,15,1
14,3,1
14,17,1
14,13,1
14,25,1
15,18,1
15,11,1
15,13,1
15,25,1
15,21,1
16,18,1
16,11,1
16,20,1
16,12,1
16,13,1
17,2,1
17,7,1
17,8,1
17,6,1
17,9,1
18,2,1
18,16,1
18,12,1
18,6,1
18,31,1
19,10,1
19,2,1
19,16,1
19,23,1
19,17,1
20,7,1
20,26,1
20,27,1
20,23,1
20,5,1
21,2,1
21,4,1
21,29,1
21,20,1
21,13,1
22,3,1
22,16,1
22,4,1
22,29,1
22,5,1
23,10,1
23,12,1
23,5,1
23,6,1
23,28,1
24,3,1
24,16,1
24,8,0
24,17,1
24,5,0
25,7,1
25,4,1
25,8,1
25,6,1
25,31,1
26,10,1
26,2,1
26,12,1
26,6,1
26,32,1
27,11,1
27,20,1
27,8,1
27,13,1
27,21,1
28,16,1
28,4,1
28,17,1
28,24,1
28,6,1
29,1,0
29,11,0
29,4,0
29,13,0
29,33,0
30,1,1
30,2,1
30,29,1
30,6,1
30,9,1
31,1,0
31,2,1
31,13,0
31,14,1
31,34,0
32,4,1
32,17,1
32,33,1
32,24,1
32,6,1
33,2,1
33,4,1
33,26,1
33,8,1
33,5,1
34,10,0
34,2,1
34,4,0
34,12,0
34,22,0
35,1,0
35,11,1
35,13,0
35,22,0
35,28,0
36,2,1
36,16,1
36,29,1
36,17,1
36,5,1
37,10,1
37,18,1
37,2,1
37,6,1
37,28,1
38,18,1
38,8,1
38,6,1
38,35,1
38,30,1
39,3,1
39,4,1
39,8,1
39,22,1
39,9,1
40,3,1
40,16,1
40,4,1
40,6,1
40,30,1
41,2,1
41,16,1
41,13,1
41,5,1
41,28,1
42,2,1
42,7,1
42,4,1
42,29,1
42,6,1
43,16,0
43,4,0
43,8,0
43,6,0
43,25,0
44,10,1
44,3,1
44,16,1
44,4,1
44,8,1
45,2,0
45,4,1
45,20,1
45,6,1
45,31,1
46,10,1
46,4,1
46,23,1
46,17,1
46,5,1
47,2,1
47,16,1
47,8,1
47,31,1
47,9,1
48,2,1
48,29,1
48,8,1
48,23,1
48,9,1
49,36,1
49,20,1
49,12,1
49,13,1
49,33,1
50,12,1
50,33,1
50,6,1
50,25,1
50,37,1
51,36,1
51,11,1
51,38,1
51,12,1
51,22,1
52,16,1
52,4,1
52,29,1
52,28,1
52,19,1
53,1,1
53,11,1
53,7,1
53,33,1
53,35,1
54,2,0
54,12,0
54,33,0
54,39,0
54,28,0
55,10,1
55,8,1
55,5,1
55,6,1
55,19,1
56,10,1
56,2,1
56,16,1
56,7,1
56,25,1
57,18,1
57,12,1
57,8,1
57,13,1
57,34,1
58,18,1
58,1,1
58,2,1
58,40,1
58,11,1
59,1,0
59,40,0
59,11,0
59,13,0
59,24,0
60,2,1
60,3,1
60,5,1
60,6,1
60,25,1
61,3,1
61,5,1
61,22,1
61,6,1
61,19,1
62,4,1
62,12,1
62,13,1
62,33,1
62,30,1
63,11,1
63,29,1
63,17,1
63,13,1
63,6,1
64,40,1
64,3,0
64,6,1
64,35,0
64,21,0
65,15,1
65,11,1
65,6,1
65,31,1
65,35,1
66,16,0
66,22,0
66,28,0
66,19,0
66,41,0
67,1,1
67,4,1
67,12,1
67,5,1
67,6,1
68,7,1
68,12,1
68,5,1
68,24,1
68,19,1
69,10,1
69,4,1
69,5,1
69,6,1
69,37,1
70,1,1
70,11,1
70,12,1
70,8,1
70,5,1
71,15,1
71,18,1
71,1,1
71,40,1
71,11,1
72,26,2
72,8,1
72,6,1
72,28,1
72,19,1
73,2,1
73,11,1
73,3,1
73,7,1
73,42,1
74,16,1
74,4,1
74,17,1
74,5,1
74,35,1
75,2,1
75,3,1
75,17,1
75,9,1
75,21,1
76,10,1
76,2,1
76,8,1
76,6,1
76,31,1
77,3,0
77,5,0
77,22,0
77,28,0
77,19,0
78,1,1
78,4,1
78,26,1
78,13,1
78,5,1
79,36,1
79,2,1
79,17,1
79,6,1
79,21,1
80,2,1
80,4,1
80,29,1
80,8,1
80,17,1
81,1,1
81,2,1
81,11,1
81,13,1
81,25,1
82,3,0
82,4,1
82,5,0
82,9,1
82,39,1
83,10,1
83,8,1
83,22,1
83,6,1
83,14,1
84,2,1
84,20,1
84,5,1
84,34,1
84,21,1
85,10,1
85,15,1
85,18,1
85,11,1
85,31,1
86,15,1
86,11,1
86,3,1
86,22,1
86,14,1
87,15,1
87,2,1
87,13,1
87,5,1
87,6,1
88,1,1
88,2,1
88,20,1
88,39,1
88,28,1
89,2,1
89,29,1
89,8,1
89,31,1
89,9,1
90,18,1
90,1,1
90,12,1
90,22,1
90,35,1
91,16,0
91,4,0
91,29,0
91,9,0
91,35,1
92,1,1
92,20,1
92,31,1
92,35,1
92,30,1
93,2,1
93,29,1
93,8,1
93,9,1
93,39,1
94,1,1
94,2,1
94,3,1
94,13,1
94,5,1
95,7,1
95,29,1
95,26,1
95,6,1
95,9,1
95,28,1
96,10,1
96,23,1
96,17,1
96,25,1
96,19,1
97,15,0
97,20,1
97,13,0
97,33,1
97,30,0
98,2,1
98,4,1
98,29,1
98,5,1
98,31,1
99,1,1
99,4,1
99,23,1
99,6,1
99,9,1
100,36,1
100,2,1
100,4,1
100,42,1
100,35,1
101,10,1
101,8,1
101,23,1
101,5,1
101,25,1
102,15,1
102,16,1
102,13,1
102,22,1
102,6,1
103,18,1
103,2,1
103,4,1
103,12,1
103,22,1
103,39,1
104,2,1
104,3,1
104,29,1
104,9,1
104,39,1
105,18,1
105,36,1
105,13,1
105,22,1
105,24,1
106,36,1
106,11,1
106,20,1
106,13,1
106,22,1
107,7,1
107,29,1
107,23,1
107,22,1
107,30,1
107,28,1
108,2,1
108,4,1
108,42,1
108,12,1
108,39,1
109,18,1
109,11,1
109,12,1
109,22,1
109,19,1
110,1,1
110,12,1
110,5,1
110,22,1
110,6,1
111,3,1
111,7,1
111,4,1
111,29,1
111,17,1
112,2,1
112,3,1
112,27,1
112,33,1
112,28,1
113,15,1
113,36,1
113,11,1
113,20,1
113,13,1
114,2,1
114,40,1
114,8,1
114,33,1
114,6,1
114,14,1
115,2,1
115,40,1
115,14,1
115,34,1
115,25,1
116,12,1
116,13,1
116,5,1
116,33,1
116,30,1
117,15,1
117,18,1
117,33,1
117,6,1
117,30,1
118,2,1
118,16,1
118,29,1
118,6,1
118,25,1
119,1,1
119,29,1
119,17,1
119,5,1
119,31,1
120,3,1
120,16,1
120,7,1
120,4,1
120,42,1
121,40,1
121,16,1
121,17,1
121,6,1
121,25,1
122,16,1
122,4,1
122,8,1
122,21,1
122,19,1
123,1,1
123,12,1
123,5,1
123,31,1
123,25,1
124,2,1
124,29,1
124,26,1
124,38,1
124,27,1
125,1,1
125,2,1
125,8,1
125,23,1
125,9,1
126,2,1
126,20,1
126,12,1
126,13,1
126,34,1
127,40,1
127,11,1
127,20,1
127,13,1
127,6,1
128,2,1
128,8,1
128,23,1
128,14,1
128,9,1
129,2,1
129,7,1
129,4,1
129,6,1
129,14,1
130,1,0
130,2,0
130,22,0
130,30,0
130,28,0
131,10,1
131,4,1
131,5,1
131,25,1
131,28,1
132,2,1
132,4,1
132,29,1
132,17,1
132,25,1
133,4,1
133,8,1
133,6,1
133,31,1
133,19,1
134,7,1
134,8,1
134,23,1
134,6,1
134,35,1
135,18,1
135,11,1
135,8,1
135,13,1
135,6,1
136,2,1
136,16,1
136,4,1
136,12,1
136,6,1
137,15,1
137,18,0
137,36,1
137,2,1
137,4,1
138,10,1
138,11,1
138,8,1
138,13,1
138,19,1
139,16,1
139,4,1
139,23,1
139,39,1
139,28,1
140,16,1
140,5,1
140,22,1
140,9,0
140,25,0
141,10,1
141,4,1
141,23,1
141,24,1
141,31,1
141,9,1
142,11,1
142,29,1
142,13,1
142,6,1
142,35,1
143,26,1
143,23,1
143,17,1
143,5,1
143,24,1
144,2,1
144,3,1
144,16,1
144,5,1
144,6,1
145,36,1
145,20,1
145,12,1
145,32,1
145,34,1
146,1,1
146,2,1
146,29,1
146,6,1
146,28,1
147,2,1
147,4,1
147,29,1
147,5,1
147,9,1
148,16,1
148,8,1
148,5,1
148,6,1
148,21,1
149,11,0
149,20,1
149,12,1
149,8,0
149,23,0
150,2,1
150,27,1
150,24,0
150,14,1
150,21,0
151,16,1
151,8,1
151,17,1
151,5,1
151,6,1
152,16,1
152,42,1
152,5,1
152,6,1
152,28,1
153,10,1
153,1,1
153,2,1
153,12,1
153,32,1
154,18,1
154,16,1
154,29,1
154,33,1
154,22,1
155,4,1
155,8,0
155,23,1
155,5,0
155,9,1
156,1,1
156,2,1
156,16,1
156,29,1
156,22,1
157,11,1
157,12,1
157,22,1
157,14,1
157,37,1
158,2,1
158,4,1
158,6,1
158,9,1
158,39,1
159,18,1
159,36,1
159,40,1
159,11,1
159,31,1
160,10,1
160,15,1
160,18,1
160,36,1
160,31,1
161,27,0
161,23,0
161,17,0
161,21,0
161,28,1
162,1,0
162,2,0
162,23,0
162,13,0
162,6,0
163,10,0
163,2,1
163,8,1
163,17,0
163,5,0
164,36,0
164,3,0
164,12,0
164,30,0
164,28,0
165,2,1
165,16,1
165,29,1
165,8,1
165,17,1
166,2,1
166,3,1
166,29,1
166,6,1
166,39,1
167,2,1
167,4,1
167,17,1
167,5,1
167,31,1
168,18,1
168,1,1
168,12,1
168,8,1
168,30,1
169,1,0
169,2,0
169,4,0
169,5,0
169,25,0
170,11,1
170,29,1
170,12,1
170,6,1
170,14,1
170,37,1
171,10,1
171,2,1
171,7,1
171,25,1
171,39,1
172,1,1
172,20,1
172,31,1
172,35,1
172,43,1
173,10,1
173,2,1
173,8,1
173,5,1
173,14,1
174,2,1
174,7,1
174,4,1
174,5,1
174,31,1
175,10,1
175,2,1
175,4,1
175,29,1
175,5,1
176,8,0
176,23,0
176,24,0
176,14,1
176,28,0
177,15,1
177,16,1
177,34,1
177,28,1
177,19,1
178,2,1
178,16,1
178,4,0
178,17,1
178,5,0
178,25,0
179,15,1
179,11,1
179,29,1
179,14,1
179,39,1
180,10,1
180,1,1
180,2,1
180,12,1
180,44,1
181,2,1
181,3,0
181,16,1
181,4,0
181,29,1
182,15,0
182,1,0
182,13,1
182,33,1
182,37,0
183,15,1
183,2,1
183,3,1
183,17,1
183,9,0
184,2,1
184,3,1
184,29,1
184,31,1
184,35,1
185,1,1
185,2,1
185,26,1
185,13,1
185,6,1
186,11,1
186,23,1
186,6,1
186,35,1
186,19,1
187,2,1
187,7,1
187,6,1
187,31,1
187,35,1
188,16,1
188,4,1
188,29,1
188,12,1
188,25,1
189,1,1
189,2,1
189,8,1
189,6,1
189,21,1
190,15,0
190,12,0
190,35,1
190,39,1
190,19,0
191,10,1
191,3,1
191,8,1
191,6,1
191,14,1
192,1,1
192,12,0
192,22,0
192,35,1
192,28,1
193,2,1
193,3,1
193,8,1
193,22,1
193,25,1
194,16,0
194,4,0
194,6,0
194,19,0
194,45,0
195,11,1
195,12,1
195,22,1
195,14,1
195,21,1
196,1,1
196,11,1
196,23,1
196,5,1
196,6,1
197,12,0
197,33,1
197,32,1
197,35,1
197,37,0
198,4,0
198,29,0
198,12,0
198,8,0
198,6,0
199,3,1
199,7,1
199,8,1
199,33,1
199,19,1
200,7,1
200,6,1
200,30,1
200,25,1
200,41,1
201,15,1
201,16,1
201,12,1
201,13,1
201,28,1
202,15,1
202,18,1
202,11,1
202,22,1
202,30,1
203,1,1
203,2,1
203,20,1
203,5,1
203,25,1
204,18,1
204,2,1
204,20,1
204,8,1
204,35,1
205,16,0
205,4,0
205,23,0
205,6,0
205,45,0
206,26,1
206,17,1
206,5,1
206,9,1
206,19,1
207,3,1
207,16,1
207,12,1
207,8,1
207,6,1
208,15,1
208,2,1
208,23,1
208,6,1
208,28,1
209,10,1
209,16,1
209,29,1
209,31,1
209,25,1
210,18,0
210,2,1
210,12,1
210,23,0
210,13,1
211,4,0
211,12,0
211,8,0
211,24,0
211,9,0
212,3,1
212,29,1
212,5,1
212,22,1
212,6,1
213,2,1
213,13,1
213,6,1
213,25,1
213,28,1
214,1,1
214,12,1
214,5,1
214,25,1
214,21,1
215,1,1
215,2,1
215,4,1
215,24,1
215,34,1
216,2,1
216,16,1
216,7,1
216,5,1
216,24,1
217,16,1
217,4,1
217,26,1
217,5,1
217,39,1
218,15,1
218,11,1
218,6,1
218,31,1
218,21,1
219,1,1
219,2,1
219,4,1
219,26,1
219,13,1
220,20,1
220,13,1
220,5,1
220,6,1
220,35,1
221,10,1
221,16,1
221,5,1
221,6,1
221,25,1
222,2,0
222,4,1
222,14,1
222,9,1
222,39,1
223,26,0
223,20,1
223,8,0
223,17,1
223,6,0
224,10,1
224,2,1
224,20,1
224,6,1
224,31,1
225,10,1
225,15,1
225,18,1
225,31,1
225,44,1
226,15,1
226,18,1
226,11,1
226,13,1
226,22,1
227,18,1
227,12,1
227,13,1
227,22,1
227,6,1
228,36,1
228,11,1
228,7,1
228,38,1
228,19,1
229,15,1
229,26,1
229,23,1
229,31,1
229,9,1
229,34,1
230,16,1
230,26,1
230,13,1
230,22,1
230,28,1
231,1,1
231,16,1
231,4,1
231,13,1
231,6,1
232,10,1
232,2,1
232,16,1
232,12,1
232,30,1
233,16,1
233,13,1
233,22,1
233,6,1
233,43,1
234,20,1
234,8,1
234,23,1
234,17,1
234,24,1
235,10,1
235,22,1
235,6,1
235,31,1
235,35,1
236,1,0
236,2,0
236,5,0
236,6,0
236,28,0
237,18,0
237,1,0
237,2,1
237,5,0
237,30,0
238,15,1
238,2,1
238,20,1
238,12,1
238,33,1
239,2,1
239,4,1
239,8,1
239,17,1
239,28,1
240,2,1
240,3,1
240,7,1
240,29,1
240,6,1
241,10,1
241,16,1
241,8,1
241,6,1
241,35,1
242,2,1
242,17,1
242,6,1
242,14,1
242,28,1
243,18,1
243,11,1
243,7,1
243,6,1
243,44,1
244,2,1
244,17,1
244,5,1
244,6,1
244,28,1
245,10,1
245,2,1
245,4,1
245,29,1
245,5,1
246,10,1
246,1,1
246,8,1
246,17,1
246,28,1
247,2,1
247,16,1
247,23,1
247,5,1
247,9,1
248,15,1
248,1,1
248,17,1
248,21,1
248,19,1
249,2,1
249,16,1
249,38,1
249,27,1
249,8,1
250,10,1
250,2,1
250,16,0
250,8,0
250,5,0
251,1,0
251,16,1
251,23,0
251,5,0
251,9,0
252,2,1
252,4,0
252,42,0
252,8,0
252,9,0
252,28,0
253,1,1
253,2,1
253,8,1
253,33,1
253,34,1
253,25,1
254,2,1
254,3,0
254,16,1
254,4,1
254,39,1
254,28,0
255,2,1
255,4,1
255,26,1
255,23,1
255,9,0
256,2,1
256,4,1
256,26,1
256,23,1
256,14,1
257,2,1
257,16,1
257,17,1
257,13,1
257,5,1
258,4,1
258,20,1
258,33,1
258,6,1
258,31,1
259,15,0
259,20,0
259,13,0
259,33,0
259,35,1
260,1,0
260,4,0
260,12,0
260,24,0
260,6,0
260,9,0
261,15,1
261,1,1
261,2,1
261,23,1
261,6,1
262,1,1
262,11,1
262,16,1
262,20,1
262,13,1
263,15,1
263,4,1
263,13,1
263,6,1
263,30,1
264,1,1
264,12,1
264,33,1
264,6,1
264,25,1
265,3,1
265,29,1
265,8,1
265,9,1
265,25,1
266,10,1
266,16,1
266,29,1
266,8,1
266,31,1
267,1,1
267,23,1
267,5,1
267,6,1
267,39,1
268,40,1
268,29,1
268,17,1
268,6,1
268,31,1
269,15,1
269,36,1
269,13,1
269,33,1
269,34,1
270,18,1
270,2,1
270,17,1
270,5,1
270,6,1
271,15,1
271,2,1
271,3,1
271,4,1
271,6,1
271,9,1
272,1,1
272,12,1
272,8,1
272,13,1
272,34,1
273,1,1
273,11,1
273,33,1
273,6,1
273,34,1
274,3,1
274,7,1
274,4,1
274,8,1
274,6,1
275,10,1
275,2,1
275,4,1
275,13,1
275,24,1
276,1,1
276,29,1
276,20,1
276,17,1
276,24,1
277,2,1
277,11,1
277,17,1
277,6,1
277,28,1
278,18,1
278,8,1
278,22,1
278,6,1
278,14,1
279,3,1
279,16,1
279,4,1
279,12,1
279,35,1
280,4,1
280,26,1
280,27,1
280,22,1
280,14,0
281,18,0
281,1,1
281,11,1
281,13,1
281,39,1
282,3,1
282,16,1
282,29,1
282,8,1
282,28,1
283,1,1
283,29,1
283,6,1
283,31,0
283,35,1
284,1,0
284,2,0
284,16,0
284,25,0
284,28,0
285,3,1
285,4,1
285,26,1
285,22,1
285,34,1
286,10,1
286,15,1
286,23,1
286,9,1
286,25,1
287,2,1
287,4,1
287,33,1
287,24,1
287,34,1
288,1,1
288,8,1
288,5,1
288,22,1
288,6,1
289,18,0
289,1,0
289,2,1
289,40,0
289,11,0
290,15,1
290,2,1
290,20,1
290,12,1
290,33,1
291,2,1
291,12,1
291,13,1
291,6,1
291,14,1
292,2,1
292,16,1
292,23,1
292,5,1
292,39,1
293,2,1
293,11,1
293,13,1
293,33,1
293,30,1
294,18,1
294,1,1
294,12,1
294,22,1
294,6,1
295,15,1
295,11,1
295,17,1
295,5,1
295,6,1
296,2,1
296,16,1
296,29,1
296,31,1
296,25,1
297,10,1
297,40,1
297,11,1
297,6,1
297,35,1
298,15,1
298,22,1
298,6,1
298,35,1
298,30,1
299,10,1
299,11,1
299,12,1
299,13,1
299,37,0
300,10,1
300,2,1
300,16,1
300,4,1
300,24,1
301,1,1
301,2,1
301,22,1
301,24,1
301,6,1
302,10,1
302,16,1
302,17,1
302,9,1
302,19,1
303,2,1
303,3,1
303,16,1
303,29,1
303,6,1
304,4,1
304,8,1
304,23,0
304,9,1
304,19,1
305,3,1
305,16,1
305,23,1
305,17,1
305,5,1
306,1,1
306,2,1
306,16,1
306,29,1
306,34,1
306,39,1
307,10,1
307,11,1
307,13,1
307,6,1
307,35,1
308,2,1
308,4,1
308,29,1
308,8,1
308,9,1
309,10,1
309,15,1
309,3,1
309,12,1
309,30,1
310,10,0
310,2,0
310,20,0
310,12,0
310,25,0
311,10,1
311,16,1
311,8,1
311,5,1
311,9,1
312,40,1
312,11,1
312,4,1
312,20,1
312,14,1
313,2,1
313,40,1
313,29,1
313,31,1
313,28,1
314,10,0
314,2,0
314,16,0
314,5,0
314,32,0
315,10,1
315,1,0
315,6,0
315,35,1
315,19,0
316,15,1
316,13,1
316,6,1
316,31,1
316,28,1
317,2,1
317,20,1
317,12,1
317,33,1
317,22,1
318,11,1
318,8,1
318,5,0
318,6,1
318,35,1
319,10,1
319,16,1
319,22,1
319,9,1
319,28,1
320,1,1
320,11,1
320,33,1
320,6,1
320,31,1
321,18,0
321,1,0
321,11,0
321,20,0
321,31,0
322,26,1
322,27,1
322,5,1
322,9,1
322,19,1
323,15,1
323,1,1
323,4,1
323,34,1
323,30,1
324,12,1
324,8,1
324,23,1
324,5,1
324,28,1
325,2,1
325,16,1
325,17,1
325,31,1
325,25,1
326,12,1
326,22,1
326,6,1
326,19,1
326,37,1
327,11,1
327,12,1
327,8,1
327,14,1
327,35,1
328,10,1
328,15,1
328,40,1
328,11,1
328,6,1
329,7,1
329,42,1
329,5,1
329,6,1
329,14,1
330,1,0
330,2,0
330,29,0
330,30,0
330,21,0
331,10,1
331,1,1
331,23,1
331,13,1
331,14,1
332,1,0
332,12,0
332,8,0
332,14,1
332,19,0
333,15,1
333,18,1
333,36,1
333,1,1
333,8,1
334,10,1
334,16,1
334,6,1
334,35,1
334,46,1
335,16,0
335,4,0
335,26,0
335,5,0
335,6,0
336,1,1
336,2,1
336,16,1
336,29,1
336,32,1
337,10,0
337,2,1
337,8,0
337,23,0
337,5,0
338,10,1
338,2,1
338,8,1
338,23,1
338,5,1
339,1,1
339,12,1
339,8,1
339,23,1
339,14,1
340,10,1
340,3,1
340,29,1
340,17,1
340,14,1
341,15,1
341,11,1
341,12,1
341,21,1
341,37,1
342,1,1
342,2,1
342,22,1
342,6,1
342,39,1
343,2,1
343,12,1
343,8,1
343,33,1
343,22,1
344,18,1
344,11,1
344,20,1
344,13,1
344,21,1
345,10,1
345,1,1
345,40,1
345,3,1
345,28,1
346,10,1
346,13,1
346,14,1
346,30,1
346,28,1
347,1,1
347,8,1
347,23,1
347,13,1
347,28,1
348,15,1
348,4,1
348,12,1
348,13,0
348,30,0
349,2,1
349,17,1
349,5,1
349,9,1
349,28,1
350,1,1
350,2,1
350,20,1
350,30,1
350,47,1
351,18,1
351,3,1
351,8,1
351,13,1
351,33,1
352,15,1
352,2,1
352,26,1
352,17,1
352,6,1
353,2,1
353,16,1
353,4,1
353,8,1
353,31,1
354,15,1
354,18,1
354,1,1
354,22,1
354,21,1
355,10,1
355,2,1
355,3,1
355,29,1
355,5,1
356,3,1
356,16,1
356,20,1
356,17,1
356,13,1
357,10,1
357,1,0
357,12,1
357,34,1
357,25,1
358,18,1
358,16,1
358,4,1
358,17,1
358,28,1
359,2,1
359,3,1
359,13,1
359,6,1
359,9,1
360,11,0
360,7,0
360,27,0
360,23,0
360,6,0
361,11,1
361,20,1
361,12,1
361,8,1
361,19,1
362,2,1
362,16,1
362,29,1
362,20,1
362,5,1
363,36,1
363,4,1
363,27,1
363,17,1
363,39,1
364,15,1
364,18,0
364,20,0
364,31,1
364,35,1
365,16,1
365,4,1
365,29,1
365,12,1
365,25,1
366,16,1
366,4,1
366,12,1
366,9,1
366,28,1
367,1,1
367,33,1
367,6,1
367,32,1
367,30,1
368,2,1
368,8,1
368,23,1
368,6,1
368,39,1
369,15,1
369,2,1
369,4,1
369,20,1
369,17,1
370,15,1
370,11,1
370,4,1
370,6,1
370,35,1
371,15,1
371,2,1
371,3,1
371,17,1
371,5,1
372,3,1
372,8,1
372,5,1
372,6,1
372,21,1
373,2,1
373,42,1
373,12,1
373,13,1
373,6,1
374,16,1
374,8,1
374,5,1
374,25,1
374,39,1
375,2,1
375,23,1
375,22,1
375,14,1
375,19,1
376,2,1
376,12,0
376,22,1
376,6,1
376,19,0
377,10,1
377,15,1
377,2,1
377,29,1
377,5,1
378,18,1
378,12,1
378,35,1
378,25,1
378,28,1
379,2,1
379,3,1
379,16,1
379,42,1
379,22,1
380,1,0
380,2,1
380,22,0
380,30,0
380,28,0
381,2,1
381,12,1
381,13,1
381,22,1
381,34,1
382,10,1
382,3,1
382,16,1
382,30,1
382,28,1
383,2,1
383,29,1
383,23,1
383,6,1
383,25,1
384,15,1
384,18,1
384,8,1
384,13,1
384,39,1
385,3,0
385,16,1
385,17,0
385,5,0
385,46,1
386,2,1
386,26,1
386,38,1
386,24,1
386,6,1
387,1,1
387,13,1
387,33,1
387,34,1
387,21,1
388,4,1
388,23,1
388,5,1
388,25,1
388,39,1
389,40,1
389,3,0
389,6,1
389,34,0
389,28,1
390,29,1
390,8,1
390,6,1
390,31,1
390,43,1
391,16,1
391,29,1
391,8,1
391,22,1
391,9,1
392,1,1
392,16,1
392,7,1
392,22,1
392,37,1
393,15,1
393,1,0
393,33,1
393,6,1
393,37,1
394,1,1
394,2,1
394,4,1
394,29,1
394,22,1
395,15,1
395,42,0
395,29,1
395,6,1
395,14,1
396,18,1
396,8,1
396,22,1
396,14,1
396,35,1
397,11,1
397,8,1
397,23,1
397,13,1
397,33,1
398,18,1
398,36,1
398,1,1
398,40,1
398,11,1
399,2,1
399,29,1
399,13,1
399,28,1
399,46,1
400,1,1
400,16,1
400,29,1
400,12,1
400,31,1
401,18,1
401,1,1
401,11,1
401,20,1
401,12,1
402,10,1
402,5,1
402,25,1
402,28,1
402,19,1
403,2,1
403,16,1
403,13,1
403,5,1
403,28,1
403,19,1
404,10,1
404,4,1
404,17,1
404,5,1
404,31,1
405,10,1
405,2,1
405,7,1
405,4,1
405,8,1
406,2,1
406,23,0
406,22,0
406,30,0
406,28,0
407,10,0
407,36,0
407,42,2
407,29,0
407,12,0
408,11,1
408,7,1
408,27,1
408,6,1
408,44,1
409,10,1
409,29,1
409,26,1
409,8,1
409,5,1
410,16,1
410,13,1
410,5,1
410,6,1
410,39,1
411,10,1
411,4,1
411,17,1
411,5,1
411,19,1
412,10,1
412,11,1
412,22,1
412,6,1
412,14,1
413,2,1
413,29,1
413,5,1
413,9,1
413,39,1
414,1,1
414,2,1
414,5,1
414,32,1
414,28,0
415,12,1
415,13,1
415,5,1
415,33,1
415,34,1
416,36,1
416,42,1
416,12,1
416,22,1
416,19,1
416,46,1
417,1,1
417,3,1
417,8,1
417,14,1
417,21,1
418,15,1
418,16,1
418,13,1
418,6,1
418,43,1
419,20,1
419,12,1
419,8,1
419,6,1
419,35,1
420,3,1
420,29,1
420,8,1
420,5,1
420,31,1
421,40,1
421,11,1
421,33,1
421,35,1
421,21,1
422,2,1
422,4,1
422,8,1
422,23,1
422,28,1
423,10,1
423,15,0
423,18,0
423,36,0
423,1,0
424,4,0
424,5,0
424,25,0
424,21,0
424,28,0
425,40,1
425,3,1
425,7,1
425,32,1
425,35,1
426,16,0
426,12,0
426,35,1
426,19,0
426,37,1
427,2,1
427,3,1
427,29,1
427,17,1
427,6,1
428,10,1
428,5,1
428,6,1
428,25,1
428,21,1
429,11,1
429,4,1
429,20,1
429,12,1
429,14,1
430,10,1
430,4,1
430,13,1
430,21,1
430,28,1
431,2,1
431,16,1
431,42,1
431,29,1
431,8,1
432,2,1
432,26,1
432,17,1
432,6,1
432,31,1
433,7,1
433,20,1
433,8,1
433,6,1
433,30,1
434,36,1
434,4,1
434,17,1
434,30,1
434,28,1
435,42,1
435,8,1
435,5,1
435,14,1
435,21,1
436,1,0
436,2,0
436,22,1
436,39,0
436,28,0
437,2,1
437,8,1
437,17,1
437,5,1
437,31,1
438,16,0
438,27,1
438,8,0
438,17,1
438,33,1
439,10,0
439,11,0
439,27,1
439,12,1
439,14,0
440,16,1
440,5,1
440,22,1
440,9,1
440,30,1
441,18,1
441,12,1
441,6,1
441,35,1
441,30,1
442,4,1
442,26,1
442,17,1
442,5,1
442,6,1
443,26,1
443,17,1
443,5,1
443,14,1
443,9,1
443,25,1
444,11,1
444,4,1
444,29,1
444,13,1
444,35,1
445,2,1
445,40,1
445,16,1
445,24,1
445,6,1
446,2,1
446,20,1
446,6,1
446,32,1
446,30,1
447,2,1
447,16,1
447,12,1
447,6,1
447,31,1
448,18,1
448,2,1
448,26,1
448,8,1
448,5,1
449,11,0
449,12,0
449,8,0
449,6,1
449,25,0
450,20,1
450,12,1
450,13,1
450,33,1
450,19,1
451,2,1
451,12,1
451,6,1
451,31,1
451,25,1
452,11,1
452,8,1
452,14,1
452,35,1
452,21,1
453,2,0
453,16,0
453,42,0
453,12,0
453,8,0
454,10,1
454,29,1
454,20,1
454,24,1
454,35,1
455,10,1
455,20,1
455,12,1
455,33,1
455,6,1
455,39,1
456,4,1
456,26,1
456,13,1
456,5,1
456,39,1
457,2,1
457,8,1
457,22,1
457,31,1
457,25,1
458,11,1
458,29,1
458,8,1
458,31,1
458,35,1
459,10,1
459,11,0
459,5,0
459,6,0
459,35,0
460,26,1
460,12,1
460,8,1
460,31,1
460,9,1
461,2,1
461,16,1
461,26,1
461,23,1
461,5,1
462,2,1
462,16,1
462,8,1
462,17,1
462,6,1
463,2,1
463,4,1
463,8,1
463,17,1
463,5,1
464,1,0
464,2,0
464,22,0
464,14,0
464,34,0
465,36,1
465,26,1
465,8,1
465,23,1
465,13,1
466,15,1
466,8,1
466,22,1
466,6,1
466,35,1
467,10,1
467,2,1
467,20,1
467,23,1
467,28,1
468,18,1
468,8,1
468,5,1
468,35,0
468,25,1
469,18,1
469,36,1
469,1,1
469,11,1
469,6,1
470,2,1
470,8,1
470,6,1
470,39,1
470,28,1
471,2,1
471,4,1
471,5,1
471,31,1
471,9,1
472,2,1
472,4,1
472,22,1
472,14,1
472,28,1
473,10,1
473,26,1
473,8,0
473,13,1
473,5,0
473,22,1
474,36,1
474,40,1
474,11,1
474,13,1
474,6,1
475,1,1
475,11,1
475,6,1
475,31,1
475,37,1
476,10,1
476,7,1
476,29,1
476,24,1
476,31,1
477,15,1
477,18,1
477,11,1
477,20,1
477,12,1
477,28,1
478,10,1
478,2,1
478,16,1
478,29,1
478,25,1
479,1,1
479,3,1
479,5,1
479,22,1
479,6,1
480,2,0
480,8,0
480,35,0
480,19,0
480,46,0
481,10,0
481,2,1
481,3,0
481,16,0
481,5,0
481,14,0
482,36,1
482,40,1
482,11,1
482,20,1
482,13,1
483,16,1
483,4,1
483,29,1
483,12,1
483,6,1
484,1,0
484,12,0
484,13,0
484,22,0
484,6,0
485,3,1
485,4,1
485,13,1
485,6,1
485,39,1
486,10,1
486,15,1
486,29,1
486,17,1
486,5,1
487,36,1
487,20,1
487,22,1
487,32,1
487,35,1
488,11,1
488,12,1
488,8,1
488,14,1
488,37,1
489,7,1
489,42,1
489,5,1
489,6,1
489,35,1
490,29,0
490,13,0
490,5,0
490,25,0
490,28,0
491,2,1
491,26,1
491,27,1
491,17,1
491,33,1
492,2,1
492,29,1
492,5,1
492,22,0
492,14,1
493,15,1
493,16,1
493,20,1
493,22,1
493,6,1
494,16,1
494,8,1
494,23,1
494,6,1
494,14,1
495,15,1
495,2,1
495,12,1
495,33,1
495,35,1
496,11,0
496,12,0
496,8,0
496,13,1
496,24,0
497,1,1
497,12,1
497,8,1
497,23,1
497,14,1
498,12,1
498,8,1
498,13,1
498,22,1
498,6,1
499,2,1
499,3,1
499,4,1
499,8,1
499,5,1
500,2,1
500,16,1
500,17,1
500,33,1
500,6,1
501,10,1
501,16,1
501,17,1
501,13,1
501,6,1
502,10,1
502,7,1
502,13,1
502,33,1
502,35,1
503,18,1
503,11,1
503,12,1
503,5,1
503,30,1
504,11,1
504,8,1
504,22,1
504,6,1
504,34,2
505,10,1
505,15,1
505,18,1
505,31,1
505,35,1
506,16,0
506,29,0
506,12,0
506,6,1
506,35,1
507,15,1
507,40,1
507,11,1
507,33,1
507,30,1
508,1,1
508,2,1
508,12,1
508,23,1
508,6,1
509,4,1
509,17,1
509,9,1
509,25,1
509,28,1
510,2,1
510,16,1
510,4,1
510,31,1
510,9,1
511,2,1
511,8,1
511,23,1
511,5,1
511,25,1
512,18,0
512,1,0
512,11,0
512,12,0
512,30,0
513,10,1
513,36,1
513,2,1
513,29,1
513,24,1
514,2,1
514,16,1
514,5,1
514,31,1
514,48,1
515,16,1
515,8,1
515,5,0
515,9,1
515,39,0
516,2,1
516,16,1
516,5,1
516,31,1
516,25,1
517,36,1
517,1,1
517,40,1
517,11,1
517,21,1
518,40,1
518,32,1
518,35,1
518,28,1
518,47,1
519,1,1
519,2,1
519,29,1
519,30,1
519,21,1
520,1,1
520,16,1
520,4,1
520,5,1
520,6,1
521,2,0
521,3,1
521,16,1
521,8,1
521,17,1
522,3,1
522,7,1
522,8,1
522,24,1
522,19,1
523,15,1
523,18,0
523,1,0
523,26,1
523,21,0
524,2,1
524,3,0
524,29,0
524,6,0
524,25,0
525,16,1
525,13,1
525,22,1
525,6,1
525,43,1
526,10,1
526,16,1
526,8,1
526,6,1
526,19,1
527,1,1
527,12,1
527,8,1
527,23,1
527,21,1
528,2,1
528,3,1
528,16,1
528,17,1
528,6,1
529,11,1
529,12,1
529,8,1
529,22,1
529,21,1
530,2,1
530,8,1
530,6,1
530,30,1
530,46,1
531,1,1
531,2,1
531,12,1
531,22,1
531,28,1
532,2,1
532,3,1
532,4,1
532,29,1
532,39,1
533,11,1
533,3,0
533,29,1
533,22,1
533,47,1
534,1,1
534,3,1
534,23,1
534,5,1
534,9,1
535,10,0
535,11,0
535,23,0
535,24,0
535,34,0
536,10,1
536,3,1
536,27,1
536,20,1
536,8,1
537,2,1
537,3,0
537,16,1
537,4,1
537,8,1
538,42,1
538,29,1
538,8,1
538,5,1
538,14,1
539,2,1
539,26,1
539,38,1
539,27,1
539,17,1
540,18,1
540,20,1
540,13,1
540,5,1
540,30,1
541,10,1
541,1,1
541,5,1
541,6,1
541,14,0
542,7,1
542,26,1
542,5,1
542,9,0
542,28,1
543,29,1
543,8,1
543,17,1
543,5,1
543,6,1
544,2,1
544,3,1
544,4,1
544,20,1
544,39,1
545,3,1
545,29,1
545,8,1
545,25,1
545,19,1
546,1,1
546,11,1
546,20,1
546,13,1
546,21,1
547,1,1
547,11,1
547,26,1
547,5,1
547,25,1
548,10,1
548,1,1
548,20,1
548,8,1
548,35,1
549,18,0
549,8,0
549,22,0
549,14,1
549,30,0
550,1,1
550,16,1
550,29,1
550,35,1
550,43,1
551,4,1
551,26,1
551,8,1
551,22,1
551,6,1
552,16,1
552,4,1
552,29,1
552,12,1
552,25,1
553,1,1
553,2,1
553,22,1
553,14,1
553,25,1
554,1,1
554,12,1
554,8,1
554,30,1
554,21,1
555,4,1
555,17,1
555,5,1
555,6,1
555,25,1
556,18,0
556,1,0
556,11,0
556,20,0
556,13,0
557,2,1
557,16,1
557,4,1
557,29,1
557,25,1
558,10,1
558,1,1
558,2,1
558,13,1
558,33,1
559,2,1
559,16,0
559,8,0
559,25,0
559,45,0
560,2,1
560,16,1
560,8,1
560,17,1
560,25,1
561,1,1
561,4,1
561,17,1
561,5,1
561,28,1
562,1,1
562,11,1
562,13,1
562,5,1
562,25,0
563,40,1
563,20,1
563,23,1
563,5,1
563,6,1
564,1,1
564,8,1
564,17,1
564,6,1
564,28,1
565,2,1
565,16,1
565,29,1
565,8,1
565,17,1
566,2,1
566,16,1
566,8,1
566,22,1
566,25,1
567,15,1
567,36,1
567,20,1
567,13,1
567,22,1
568,10,1
568,7,1
568,5,1
568,34,1
568,21,1
569,2,1
569,4,1
569,23,1
569,5,1
569,6,1
570,2,1
570,16,0
570,17,1
570,22,0
570,24,0
571,2,1
571,4,1
571,29,1
571,38,1
571,39,1
572,1,1
572,2,1
572,16,1
572,29,1
572,23,1
573,15,1
573,12,0
573,6,0
573,30,0
573,37,0
574,10,0
574,3,0
574,27,0
574,5,0
574,14,0
575,16,1
575,4,1
575,8,1
575,22,1
575,6,1
